StartDate,EndDate,Status,IPAddress,Progress,Duration (in seconds),Finished,RecordedDate,ResponseId,RecipientLastName,RecipientFirstName,RecipientEmail,ExternalReference,LocationLatitude,LocationLongitude,DistributionChannel,UserLanguage,Q1,Q2,Q3,Q4,Q5,Q6
Start Date,End Date,Response Type,IP Address,Progress,Duration (in seconds),Finished,Recorded Date,Response ID,Recipient Last Name,Recipient First Name,Recipient Email,External Data Reference,Location Latitude,Location Longitude,Distribution Channel,User Language,Date,Topic,Grade,Interesting,Included,Belong
"{""ImportId"":""startDate"",""timeZone"":""America/Chicago""}","{""ImportId"":""endDate"",""timeZone"":""America/Chicago""}","{""ImportId"":""status""}","{""ImportId"":""ipAddress""}","{""ImportId"":""progress""}","{""ImportId"":""duration""}","{""ImportId"":""finished""}","{""ImportId"":""recordedDate"",""timeZone"":""America/Chicago""}","{""ImportId"":""_recordId""}","{""ImportId"":""recipientLastName""}","{""ImportId"":""recipientFirstName""}","{""ImportId"":""recipientEmail""}","{""ImportId"":""externalDataReference""}","{""ImportId"":""locationLatitude""}","{""ImportId"":""locationLongitude""}","{""ImportId"":""distributionChannel""}","{""ImportId"":""userLanguage""}","{""ImportId"":""QID1_TEXT""}","{""ImportId"":""QID8_TEXT""}","{""ImportId"":""QID6_TEXT""}","{""ImportId"":""QID3""}","{""ImportId"":""QID4""}","{""ImportId"":""QID5""}"
2023-01-19 22:13:45,2023-01-19 22:15:10,IP Address,108.208.103.15,100,84,True,2023-01-19 22:15:11,R_33pXGDLj4lVC4I5,,,,,42.0311,-87.6858,anonymous,EN,Oct 14th,Activity,,Very,Agree,Agree
2023-01-19 22:15:14,2023-01-19 22:15:22,IP Address,108.208.103.15,100,7,True,2023-01-19 22:15:22,R_TdArA7mmBqAnJy9,,,,,42.0311,-87.6858,anonymous,EN,Oct 14th,Activity,,Very,Strongly agree,Strongly agree
2023-01-19 22:15:25,2023-01-19 22:15:32,Spam,108.208.103.15,100,6,True,2023-01-19 22:15:33,R_29n4RzHPqhqtqDw,,,,,42.0311,-87.6858,anonymous,EN,Oct 14th,Activity,,Very,Strongly agree,Strongly agree
2023-01-19 22:15:35,2023-01-19 22:15:49,IP Address,108.208.103.15,100,13,True,2023-01-19 22:15:49,R_31z3OzwOanGEicw,,,,,42.0311,-87.6858,anonymous,EN,Oct 14th,Activity,,Very,Strongly agree,Agree
2023-01-19 22:15:52,2023-01-19 22:16:00,Spam,108.208.103.15,100,8,True,2023-01-19 22:16:01,R_2Sqn6QT4F2rXs0N,,,,,42.0311,-87.6858,anonymous,EN,Oct 14th,Activity,,Very,Strongly agree,Strongly agree
2023-01-19 22:16:04,2023-01-19 22:16:11,Spam,108.208.103.15,100,7,True,2023-01-19 22:16:12,R_2dsGkcdXR4UhiUU,,,,,42.0311,-87.6858,anonymous,EN,Oct 14th,Activity,,Very,Strongly agree,Strongly agree
2023-01-19 22:16:12,2023-01-19 22:16:22,Spam,108.208.103.15,100,9,True,2023-01-19 22:16:23,R_3R1IMD0kDH7gSv1,,,,,42.0311,-87.6858,anonymous,EN,Oct 14th,Activity,,Very,Strongly agree,Strongly agree
2023-01-19 22:16:26,2023-01-19 22:16:39,Spam,108.208.103.15,100,13,True,2023-01-19 22:16:39,R_3Mh4xO6VS4tOPdi,,,,,42.0311,-87.6858,anonymous,EN,Oct 14th,Activity,,Very,Agree,Agree
2023-01-19 22:16:42,2023-01-19 22:16:49,Spam,108.208.103.15,100,6,True,2023-01-19 22:16:50,R_DeFlzrDZVAm4PG9,,,,,42.0311,-87.6858,anonymous,EN,Oct 14th,Activity,,Very,Strongly agree,Strongly agree
2023-01-19 22:16:53,2023-01-19 22:17:16,Spam,108.208.103.15,100,22,True,2023-01-19 22:17:16,R_4TxtyIzIE4amFTr,,,,,42.0311,-87.6858,anonymous,EN,Oct 14th,Activity,,Very,Agree,Agree
2023-01-19 22:17:19,2023-01-19 22:17:27,Spam,108.208.103.15,100,8,True,2023-01-19 22:17:28,R_2ZE0cDX7BjITATL,,,,,42.0311,-87.6858,anonymous,EN,Oct 14th,Activity,,Very,Strongly agree,Strongly agree
2023-01-19 22:43:08,2023-01-19 22:49:11,IP Address,108.208.103.15,100,362,True,2023-01-19 22:49:11,R_bjCDQoszrwNMCNX,,,,,42.0311,-87.6858,anonymous,EN,Oct 21st,Activity,,Fairly,Strongly agree,Strongly agree
2023-01-19 22:49:13,2023-01-19 22:49:23,IP Address,108.208.103.15,100,9,True,2023-01-19 22:49:23,R_1dAhJPcmcq0Gs30,,,,,42.0311,-87.6858,anonymous,EN,Oct 21st,Activity,,Very,Strongly agree,Strongly agree
2023-01-19 22:49:24,2023-01-19 22:49:47,Spam,108.208.103.15,100,23,True,2023-01-19 22:49:48,R_1Pd79qViP6Xy6lD,,,,,42.0311,-87.6858,anonymous,EN,Oct 21st,Activity,,Very,Strongly agree,Strongly agree
2023-01-19 22:49:48,2023-01-19 22:50:03,IP Address,108.208.103.15,100,14,True,2023-01-19 22:50:03,R_1pzjy5CDJTfghh9,,,,,42.0311,-87.6858,anonymous,EN,Oct 21st,Activity,,Very,Agree,Agree
2023-01-19 22:50:06,2023-01-19 22:50:24,Spam,108.208.103.15,100,18,True,2023-01-19 22:50:25,R_2xKwywpyIN4mXFv,,,,,42.0311,-87.6858,anonymous,EN,Oct 21st,Activity,,Very,Strongly agree,Strongly agree
2023-01-19 22:50:27,2023-01-19 22:50:34,Spam,108.208.103.15,100,6,True,2023-01-19 22:50:35,R_OKkh1LGNvqgGwKJ,,,,,42.0311,-87.6858,anonymous,EN,Oct 21st,Activity,,Very,Strongly agree,Strongly agree
2023-01-19 22:50:37,2023-01-19 22:50:45,Spam,108.208.103.15,100,7,True,2023-01-19 22:50:45,R_1oBeycJ3OEWUwq7,,,,,42.0311,-87.6858,anonymous,EN,Oct 21st,Activity,,Very,Strongly agree,Strongly agree
2023-01-19 22:50:48,2023-01-19 22:51:06,Spam,108.208.103.15,100,18,True,2023-01-19 22:51:06,R_2SjI9VVEhcnMdI6,,,,,42.0311,-87.6858,anonymous,EN,Oct 21st,Activity,,Very,Strongly agree,Strongly agree
2023-01-19 22:51:10,2023-01-19 22:51:19,Spam,108.208.103.15,100,8,True,2023-01-19 22:51:19,R_3qeRCfzkd0ra2w9,,,,,42.0311,-87.6858,anonymous,EN,Oct 21st,Activity,,Very,Strongly agree,Strongly agree
2023-01-19 22:51:22,2023-01-19 22:51:29,Spam,108.208.103.15,100,7,True,2023-01-19 22:51:29,R_1rrEwZktP5VRO1B,,,,,42.0311,-87.6858,anonymous,EN,Oct 21st,Activity,,Very,Strongly agree,Strongly agree
2023-01-19 22:51:32,2023-01-19 22:51:38,Spam,108.208.103.15,100,6,True,2023-01-19 22:51:39,R_32OPrTKdqH3JGlh,,,,,42.0311,-87.6858,anonymous,EN,Oct 21st,Activity,,Very,Strongly agree,Strongly agree
2023-01-19 22:51:46,2023-01-19 22:53:16,IP Address,108.208.103.15,100,90,True,2023-01-19 22:53:16,R_1lsf5tHrYyDzTGY,,,,,42.0311,-87.6858,anonymous,EN,Oct 28th,Guest Speaker,,Very,Strongly agree,Strongly agree
2023-01-19 22:53:17,2023-01-19 23:15:59,Spam,108.208.103.15,100,1362,True,2023-01-19 23:16:00,R_1cYQ5vXNcpoN3VT,,,,,42.0311,-87.6858,anonymous,EN,Oct 28th,Guest Speaker,,Very,Strongly agree,Strongly agree
2023-01-19 23:16:00,2023-01-19 23:16:37,IP Address,108.208.103.15,100,37,True,2023-01-19 23:16:38,R_1ilMd8aLJIeyH4E,,,,,42.0311,-87.6858,anonymous,EN,Oct 28th,Guest Speaker,,Fairly,Agree,Neutral
2023-01-19 23:16:40,2023-01-19 23:16:49,IP Address,108.208.103.15,100,8,True,2023-01-19 23:16:49,R_1IN4KAAOd5bzJFY,,,,,42.0311,-87.6858,anonymous,EN,Oct 28th,Guest Speaker,,Very,Agree,Agree
2023-01-19 23:16:50,2023-01-19 23:20:30,IP Address,108.208.103.15,100,220,True,2023-01-19 23:20:31,R_21ukR754yLvIJap,,,,,42.0311,-87.6858,anonymous,EN,Nov 4th,Activity,,Very,Strongly agree,Strongly agree
2023-01-19 23:20:36,2023-01-19 23:20:47,IP Address,108.208.103.15,100,10,True,2023-01-19 23:20:47,R_1QMAvTRuPmpfR61,,,,,42.0311,-87.6858,anonymous,EN,Nov 4th,Activity,,Fairly,Agree,Agree
2023-01-19 23:20:48,2023-01-19 23:20:59,Spam,108.208.103.15,100,10,True,2023-01-19 23:20:59,R_1nUSQA3etAU1yQ0,,,,,42.0311,-87.6858,anonymous,EN,Nov 4th,Activity,,Very,Strongly agree,Strongly agree
2023-01-19 23:21:02,2023-01-19 23:21:09,IP Address,108.208.103.15,100,7,True,2023-01-19 23:21:10,R_AHUAfBAv6tIOURX,,,,,42.0311,-87.6858,anonymous,EN,Nov 4th,Activity,,Fairly,Strongly agree,Strongly agree
2023-01-19 23:21:12,2023-01-19 23:21:19,Spam,108.208.103.15,100,7,True,2023-01-19 23:21:20,R_2V2DeK1lqojM6Qp,,,,,42.0311,-87.6858,anonymous,EN,Nov 4th,Activity,,Very,Strongly agree,Strongly agree
2023-01-19 23:21:21,2023-01-19 23:21:32,Spam,108.208.103.15,100,11,True,2023-01-19 23:21:33,R_2BeQui9ExnzoQSg,,,,,42.0311,-87.6858,anonymous,EN,Nov 4th,Activity,,Very,Strongly agree,Strongly agree
2023-01-19 23:21:33,2023-01-19 23:21:43,Spam,108.208.103.15,100,10,True,2023-01-19 23:21:44,R_1diVTAZzE1Z4dMh,,,,,42.0311,-87.6858,anonymous,EN,Nov 4th,Activity,,Very,Strongly agree,Strongly agree
2023-01-19 23:21:46,2023-01-19 23:21:52,Spam,108.208.103.15,100,5,True,2023-01-19 23:21:52,R_1j9cVYg2mpfYqis,,,,,42.0311,-87.6858,anonymous,EN,Nov 4th,Activity,,Very,Strongly agree,Strongly agree
2023-01-19 23:21:52,2023-01-19 23:22:00,Spam,108.208.103.15,100,7,True,2023-01-19 23:22:01,R_0DFCNqcjKdDJ8Rz,,,,,42.0311,-87.6858,anonymous,EN,Nov 4th,Activity,,Very,Strongly agree,Strongly agree
2023-01-19 23:22:01,2023-01-19 23:22:13,IP Address,108.208.103.15,100,11,True,2023-01-19 23:22:13,R_3iOkPKANyM1cuzp,,,,,42.0311,-87.6858,anonymous,EN,Nov 4th,Activity,,Fairly,Neutral,Agree
2023-01-19 23:22:13,2023-01-19 23:22:23,IP Address,108.208.103.15,100,9,True,2023-01-19 23:22:23,R_3PRjvMyEucSh0dw,,,,,42.0311,-87.6858,anonymous,EN,Nov 4th,Activity,,Very,Agree,Agree
2023-01-19 23:22:24,2023-01-19 23:22:35,Spam,108.208.103.15,100,10,True,2023-01-19 23:22:35,R_2SBjsgZRYjKN03C,,,,,42.0311,-87.6858,anonymous,EN,Nov 4th,Activity,,Very,Strongly agree,Strongly agree
2023-01-19 23:22:36,2023-01-19 23:22:45,Spam,108.208.103.15,100,9,True,2023-01-19 23:22:46,R_31RzhQM5tJdwwft,,,,,42.0311,-87.6858,anonymous,EN,Nov 4th,Activity,,Very,Strongly agree,Strongly agree
2023-01-19 23:22:46,2023-01-19 23:22:53,Spam,108.208.103.15,100,7,True,2023-01-19 23:22:54,R_1FkMmkkihkjOozT,,,,,42.0311,-87.6858,anonymous,EN,Nov 4th,Activity,,Very,Strongly agree,Strongly agree
2023-01-19 23:22:54,2023-01-20 15:50:46,IP Address,108.208.103.15,100,59271,True,2023-01-20 15:50:47,R_2QWfzlgxyvmPbkh,,,,,42.0311,-87.6858,anonymous,EN,Nov 18th,Activity,,Very,Strongly agree,Strongly agree
2023-01-20 15:50:47,2023-01-20 15:50:59,Spam,108.208.103.15,100,12,True,2023-01-20 15:51:00,R_1LCLHGPWAmwgi8e,,,,,42.0311,-87.6858,anonymous,EN,Nov 18th,Activity,,Very,Strongly agree,Strongly agree
2023-01-20 15:51:01,2023-01-20 15:51:06,Spam,108.208.103.15,100,5,True,2023-01-20 15:51:07,R_2wBUsL1sjEUzQid,,,,,42.0311,-87.6858,anonymous,EN,Nov 18th,Activity,,Very,Strongly agree,Strongly agree
2023-01-20 15:51:08,2023-01-20 15:51:19,IP Address,108.208.103.15,100,10,True,2023-01-20 15:51:20,R_3fvrEItsvaLnOm8,,,,,42.0311,-87.6858,anonymous,EN,Nov 18th,Activity,,Very,Agree,Agree
2023-01-20 15:51:20,2023-01-20 15:51:30,Spam,108.208.103.15,100,9,True,2023-01-20 15:51:31,R_2wtyAqHTpw8aW4B,,,,,42.0311,-87.6858,anonymous,EN,Nov 18th,Activity,,Very,Agree,Agree
2023-01-20 15:51:32,2023-01-20 15:51:40,Spam,108.208.103.15,100,8,True,2023-01-20 15:51:41,R_1QE0aWmTt1zcw0C,,,,,42.0311,-87.6858,anonymous,EN,Nov 18th,Activity,,Very,Strongly agree,Strongly agree
2023-01-20 15:51:41,2023-01-20 15:51:47,Spam,108.208.103.15,100,6,True,2023-01-20 15:51:48,R_2TWNh99o8ddsRoG,,,,,42.0311,-87.6858,anonymous,EN,Nov 18th,Activity,,Very,Strongly agree,Strongly agree
2023-01-20 15:52:49,2023-01-20 16:00:46,IP Address,108.208.103.15,100,477,True,2023-01-20 16:00:47,R_2D5LyhThJZ1gWoO,,,,,42.0311,-87.6858,anonymous,EN,Dec 2nd,Activity,,Very,Strongly agree,Strongly agree
2023-01-20 16:00:48,2023-01-20 16:00:55,Spam,108.208.103.15,100,7,True,2023-01-20 16:00:56,R_3PSuJtiaeCcafec,,,,,42.0311,-87.6858,anonymous,EN,Dec 2nd,Activity,,Very,Strongly agree,Strongly agree
2023-01-20 16:00:56,2023-01-20 16:01:03,Spam,108.208.103.15,100,6,True,2023-01-20 16:01:04,R_11ZVx8whAagjx4s,,,,,42.0311,-87.6858,anonymous,EN,Dec 2nd,Activity,,Very,Strongly agree,Strongly agree
2023-01-20 16:01:04,2023-01-20 16:01:10,Spam,108.208.103.15,100,5,True,2023-01-20 16:01:11,R_10O67q8wINE6h3i,,,,,42.0311,-87.6858,anonymous,EN,Dec 2nd,Activity,,Very,Strongly agree,Strongly agree
2023-01-20 16:01:11,2023-01-20 16:01:19,Spam,108.208.103.15,100,7,True,2023-01-20 16:01:20,R_27jVlPf7p1Y3YAm,,,,,42.0311,-87.6858,anonymous,EN,Dec 2nd,Activity,,Very,Strongly agree,Strongly agree
2023-01-20 16:01:22,2023-01-20 16:01:29,Spam,108.208.103.15,100,7,True,2023-01-20 16:01:30,R_UEDdKKdKYUzxCQF,,,,,42.0311,-87.6858,anonymous,EN,Dec 2nd,Activity,,Very,Strongly agree,Strongly agree
2023-01-20 16:01:30,2023-01-20 16:01:37,Spam,108.208.103.15,100,7,True,2023-01-20 16:01:39,R_UcsjmHSBpUAw2D7,,,,,42.0311,-87.6858,anonymous,EN,Dec 2nd,Activity,,Very,Strongly agree,Strongly agree
2023-01-20 16:01:39,2023-01-20 16:01:45,Spam,108.208.103.15,100,5,True,2023-01-20 16:01:45,R_p6HORmD3XhaY6Hv,,,,,42.0311,-87.6858,anonymous,EN,Dec 2nd,Activity,,Very,Strongly agree,Strongly agree
2023-01-20 16:01:46,2023-01-20 16:01:53,Spam,108.208.103.15,100,6,True,2023-01-20 16:01:53,R_2tD3djAzkG4Alzy,,,,,42.0311,-87.6858,anonymous,EN,Dec 2nd,Activity,,Very,Strongly agree,Strongly agree
2023-01-20 16:02:18,2023-01-20 16:07:42,IP Address,108.208.103.15,100,324,True,2023-01-20 16:07:42,R_XLqdxESc7gO3LNv,,,,,42.0311,-87.6858,anonymous,EN,Dec 16th,Activity,,Very,Strongly agree,Strongly agree
2023-01-20 16:07:42,2023-01-20 16:07:51,Spam,108.208.103.15,100,8,True,2023-01-20 16:07:51,R_3m9mwx0YOvypqwM,,,,,42.0311,-87.6858,anonymous,EN,Dec 16th,Activity,,Very,Strongly agree,Strongly agree
2023-01-20 16:07:52,2023-01-20 16:07:59,Spam,108.208.103.15,100,6,True,2023-01-20 16:08:00,R_sSwGis15aE9koSt,,,,,42.0311,-87.6858,anonymous,EN,Dec 16th,Activity,,Very,Strongly agree,Strongly agree
2023-01-20 16:08:00,2023-01-20 16:08:08,IP Address,108.208.103.15,100,8,True,2023-01-20 16:08:09,R_pQ7umpbY8NuCWBj,,,,,42.0311,-87.6858,anonymous,EN,Dec 16th,Activity,,Very,Strongly agree,Agree
2023-01-20 16:08:15,2023-01-20 16:08:26,Spam,108.208.103.15,100,10,True,2023-01-20 16:08:26,R_RJJ5kVVBvubgkz7,,,,,42.0311,-87.6858,anonymous,EN,Dec 16th,Activity,,Very,Strongly agree,Strongly agree
2023-01-20 16:08:28,2023-01-20 16:08:35,Spam,108.208.103.15,100,7,True,2023-01-20 16:08:35,R_2PwkjF7x7lHZc4a,,,,,42.0311,-87.6858,anonymous,EN,Dec 16th,Activity,,Very,Strongly agree,Strongly agree
2023-01-20 16:08:37,2023-01-20 16:08:45,IP Address,108.208.103.15,100,8,True,2023-01-20 16:08:45,R_XBtZbN9I2UEq4Kt,,,,,42.0311,-87.6858,anonymous,EN,Dec 16th,Activity,,Very,Agree,Agree
2023-01-20 16:08:47,2023-01-20 16:08:54,Spam,108.208.103.15,100,7,True,2023-01-20 16:08:55,R_2uZFz2bFOOi3H05,,,,,42.0311,-87.6858,anonymous,EN,Dec 16th,Activity,,Very,Strongly agree,Strongly agree
2023-01-20 16:08:55,2023-01-20 16:09:15,Spam,108.208.103.15,100,20,True,2023-01-20 16:09:16,R_DTONzLRD045zDjj,,,,,42.0311,-87.6858,anonymous,EN,Dec 16th,Activity,,Very,Strongly agree,Strongly agree
2023-01-20 16:09:48,2023-01-26 15:55:29,IP Address,108.208.103.15,100,517540,True,2023-01-26 15:55:30,R_qUDs9f5K6KoNhLz,,,,,42.055,-87.6951,anonymous,EN,Jan 13th,Activity,,Very,Strongly agree,Strongly agree
2023-01-26 15:55:35,2023-01-26 15:55:43,Spam,108.208.103.15,100,7,True,2023-01-26 15:55:43,R_1Cg66j9Ix4ZizhG,,,,,42.055,-87.6951,anonymous,EN,Jan 13th,Activity,,Very,Strongly agree,Strongly agree
2023-01-26 15:55:45,2023-01-26 15:55:49,Spam,108.208.103.15,100,4,True,2023-01-26 15:55:50,R_3fOkym5lhaT7VtW,,,,,42.055,-87.6951,anonymous,EN,Jan 13th,Activity,,Very,Strongly agree,Strongly agree
2023-01-26 15:55:51,2023-01-26 15:56:01,Spam,108.208.103.15,100,9,True,2023-01-26 15:56:01,R_3fSNnXOswAqxiLH,,,,,42.055,-87.6951,anonymous,EN,Jan 13th,Activity,,Very,Strongly agree,Strongly agree
2023-01-26 15:56:02,2023-01-26 15:56:28,IP Address,108.208.103.15,100,26,True,2023-01-26 15:56:28,R_2V4lsiacqUgsXkC,,,,,42.055,-87.6951,anonymous,EN,Jan 13th,Activity,,Fairly,Agree,Agree
2023-01-26 15:56:31,2023-01-26 15:56:37,IP Address,108.208.103.15,100,5,True,2023-01-26 15:56:37,R_24vkcPI8XlsXsyw,,,,,42.055,-87.6951,anonymous,EN,Jan 13th,Activity,,Fairly,Strongly agree,Strongly agree
2023-01-26 15:56:38,2023-01-26 15:56:47,Spam,108.208.103.15,100,8,True,2023-01-26 15:56:48,R_3D8yiHBxhmaXu9b,,,,,42.055,-87.6951,anonymous,EN,Jan 13th,Activity,,Very,Strongly agree,Strongly agree
2023-01-26 15:56:48,2023-01-26 15:56:54,Spam,108.208.103.15,100,6,True,2023-01-26 15:56:55,R_115csg3UAZd9pUx,,,,,42.055,-87.6951,anonymous,EN,Jan 13th,Activity,,Very,Strongly agree,Strongly agree
2023-01-26 15:56:58,2023-01-26 15:57:04,Spam,108.208.103.15,100,5,True,2023-01-26 15:57:04,R_3R7tEsLYyTMRkZp,,,,,42.055,-87.6951,anonymous,EN,Jan 13th,Activity,,Very,Strongly agree,Strongly agree
2023-01-26 15:57:05,2023-01-26 15:57:18,Spam,108.208.103.15,100,12,True,2023-01-26 15:57:18,R_3Mle5IMtje3b45K,,,,,42.055,-87.6951,anonymous,EN,Jan 13th,Activity,,Very,Strongly agree,Strongly agree
2023-01-26 15:57:38,2023-01-26 15:57:45,Spam,108.208.103.15,100,7,True,2023-01-26 15:57:45,R_OflR6LUlJsGvrG1,,,,,42.055,-87.6951,anonymous,EN,Jan 13th,Activity,,Very,Strongly agree,Strongly agree
2023-01-26 15:57:46,2023-01-26 15:57:56,IP Address,108.208.103.15,100,9,True,2023-01-26 15:57:56,R_DpnMgCqzJLdxTcl,,,,,42.055,-87.6951,anonymous,EN,Jan 13th,Activity,,Fairly,Strongly agree,Agree
2023-01-26 15:57:57,2023-01-26 15:58:05,Spam,108.208.103.15,100,7,True,2023-01-26 15:58:05,R_1fZBDEUDD8sw5PR,,,,,42.055,-87.6951,anonymous,EN,Jan 13th,Activity,,Very,Strongly agree,Strongly agree
2023-06-17 13:07:59,2023-06-17 13:18:34,IP Address,100.37.139.147,100,634,True,2023-06-17 13:18:34,R_2tA4B1t5SCM1OFk,,,,,40.7035,-73.9235,anonymous,EN,Jan 20th,Activity,,Very,Strongly agree,Strongly agree
2023-06-17 13:18:35,2023-06-17 13:18:42,Spam,100.37.139.147,100,6,True,2023-06-17 13:18:42,R_1lzAvbtgo4mAhtN,,,,,40.7035,-73.9235,anonymous,EN,Jan 20th,Activity,,Very,Strongly agree,Strongly agree
2023-06-17 13:18:43,2023-06-17 13:18:49,Spam,100.37.139.147,100,6,True,2023-06-17 13:18:50,R_r1lYU7jJMIVL69z,,,,,40.7035,-73.9235,anonymous,EN,Jan 20th,Activity,,Very,Strongly agree,Strongly agree
2023-06-17 13:18:51,2023-06-17 13:18:58,IP Address,100.37.139.147,100,7,True,2023-06-17 13:18:59,R_25Y2Pi03NQYzWHP,,,,,40.7035,-73.9235,anonymous,EN,Jan 20th,Activity,,Fairly,Agree,Agree
2023-06-17 13:19:00,2023-06-17 13:19:07,Spam,100.37.139.147,100,6,True,2023-06-17 13:19:07,R_yIbaHmZetLZTkE9,,,,,40.7035,-73.9235,anonymous,EN,Jan 20th,Activity,,Very,Strongly agree,Strongly agree
2023-06-17 13:19:08,2023-06-17 13:19:14,Spam,100.37.139.147,100,6,True,2023-06-17 13:19:15,R_3fwodJRoOxWZnWu,,,,,40.7035,-73.9235,anonymous,EN,Jan 20th,Activity,,Very,Strongly agree,Strongly agree
2023-06-17 13:19:25,2023-06-17 13:22:28,IP Address,100.37.139.147,100,183,True,2023-06-17 13:22:28,R_1gjBADTlFPzHwvH,,,,,40.7035,-73.9235,anonymous,EN,Jan 27th,Activity,,Very,Strongly agree,Strongly agree
2023-06-17 13:22:29,2023-06-17 13:22:36,Spam,100.37.139.147,100,6,True,2023-06-17 13:22:37,R_2VgBQBCrzhIcNb3,,,,,40.7035,-73.9235,anonymous,EN,Jan 27th,Activity,,Very,Strongly agree,Strongly agree
2023-06-17 13:22:37,2023-06-17 13:22:47,Spam,100.37.139.147,100,10,True,2023-06-17 13:22:48,R_ezIz9sxutv4DBex,,,,,40.7035,-73.9235,anonymous,EN,Jan 27th,Activity,,Very,Strongly agree,Strongly agree
2023-06-17 13:22:49,2023-06-17 13:22:55,Spam,100.37.139.147,100,6,True,2023-06-17 13:22:56,R_5oJaVa5k7XtUG1H,,,,,40.7035,-73.9235,anonymous,EN,Jan 27th,Activity,,Very,Strongly agree,Strongly agree
2023-06-17 13:22:56,2023-06-17 13:23:03,Spam,100.37.139.147,100,6,True,2023-06-17 13:23:03,R_3qm3gmFHCXqD87M,,,,,40.7035,-73.9235,anonymous,EN,Jan 27th,Activity,,Very,Strongly agree,Strongly agree
2023-06-17 13:23:04,2023-06-17 13:23:09,Spam,100.37.139.147,100,5,True,2023-06-17 13:23:10,R_3FWjNuALSTEZITL,,,,,40.7035,-73.9235,anonymous,EN,Jan 27th,Activity,,Very,Strongly agree,Strongly agree
2023-06-17 13:23:10,2023-06-17 13:23:16,Spam,100.37.139.147,100,5,True,2023-06-17 13:23:16,R_1QbWJPaXFUTvdps,,,,,40.7035,-73.9235,anonymous,EN,Jan 27th,Activity,,Very,Strongly agree,Strongly agree
2023-06-17 13:23:17,2023-06-17 13:23:25,Spam,100.37.139.147,100,7,True,2023-06-17 13:23:25,R_1Q3mt8Y1aC9xD4p,,,,,40.7035,-73.9235,anonymous,EN,Jan 27th,Activity,,Very,Strongly agree,Strongly agree
2023-06-17 13:23:26,2023-06-17 13:23:31,IP Address,100.37.139.147,100,5,True,2023-06-17 13:23:31,R_1MTgBGRiyJleLBR,,,,,40.7035,-73.9235,anonymous,EN,Jan 27th,Activity,,Very,Agree,Agree
2023-06-17 13:23:32,2023-06-17 13:23:38,Spam,100.37.139.147,100,5,True,2023-06-17 13:23:38,R_31KMdsEZ3geYe6d,,,,,40.7035,-73.9235,anonymous,EN,Jan 27th,Activity,,Very,Strongly agree,Strongly agree
2023-06-17 13:23:39,2023-06-17 13:23:46,IP Address,100.37.139.147,100,7,True,2023-06-17 13:23:46,R_2VC0DJGXTNtCkuh,,,,,40.7035,-73.9235,anonymous,EN,Jan 27th,Activity,,Fairly,Strongly agree,Agree
2023-06-17 13:23:58,2023-06-17 13:28:57,IP Address,100.37.139.147,100,298,True,2023-06-17 13:28:57,R_x3ByCCMc9AcLuoN,,,,,40.7035,-73.9235,anonymous,EN,Feb 3rd,Activity,,Very,Strongly agree,Strongly agree
2023-06-17 13:29:00,2023-06-17 13:29:06,Spam,100.37.139.147,100,5,True,2023-06-17 13:29:07,R_PO3Jt33gKbGkIYF,,,,,40.7035,-73.9235,anonymous,EN,Feb 3rd,Activity,,Very,Strongly agree,Strongly agree
2023-06-17 13:29:07,2023-06-17 13:29:12,Spam,100.37.139.147,100,5,True,2023-06-17 13:29:12,R_2tytbHUNzMP6zHm,,,,,40.7035,-73.9235,anonymous,EN,Feb 3rd,Activity,,Very,Strongly agree,Strongly agree
2023-06-17 13:29:13,2023-06-17 13:29:19,Spam,100.37.139.147,100,5,True,2023-06-17 13:29:19,R_22JhFsQkPcE5DL8,,,,,40.7035,-73.9235,anonymous,EN,Feb 3rd,Activity,,Very,Strongly agree,Strongly agree
2023-06-17 13:29:20,2023-06-17 13:29:27,Spam,100.37.139.147,100,6,True,2023-06-17 13:29:27,R_1rNZhG7KZOUPYjs,,,,,40.7035,-73.9235,anonymous,EN,Feb 3rd,Activity,,Very,Strongly agree,Strongly agree
2023-06-17 13:29:28,2023-06-17 13:29:34,Spam,100.37.139.147,100,5,True,2023-06-17 13:29:34,R_11Zoa6gzLUrq8xm,,,,,40.7035,-73.9235,anonymous,EN,Feb 3rd,Activity,,Very,Strongly agree,Strongly agree
2023-06-17 13:29:35,2023-06-17 13:29:40,Spam,100.37.139.147,100,5,True,2023-06-17 13:29:41,R_3PFEC5KkNS1Hu7r,,,,,40.7035,-73.9235,anonymous,EN,Feb 3rd,Activity,,Very,Strongly agree,Strongly agree
2023-06-17 13:29:41,2023-06-17 13:29:47,Spam,100.37.139.147,100,5,True,2023-06-17 13:29:47,R_1EZFuCUGuYyZUSo,,,,,40.7035,-73.9235,anonymous,EN,Feb 3rd,Activity,,Very,Strongly agree,Strongly agree
2023-06-17 13:29:48,2023-06-17 13:29:54,Spam,100.37.139.147,100,5,True,2023-06-17 13:29:54,R_24HtlvNvtYpL4YG,,,,,40.7035,-73.9235,anonymous,EN,Feb 3rd,Activity,,Very,Strongly agree,Strongly agree
2023-06-17 13:29:55,2023-06-17 13:30:02,IP Address,100.37.139.147,100,6,True,2023-06-17 13:30:02,R_11i5kbCu62iIw7P,,,,,40.7035,-73.9235,anonymous,EN,Feb 3rd,Activity,,Somewhat,Agree,Strongly agree
2023-06-17 13:30:03,2023-06-17 13:30:10,Spam,100.37.139.147,100,6,True,2023-06-17 13:30:10,R_bE4SuOBfb8WNTq1,,,,,40.7035,-73.9235,anonymous,EN,Feb 3rd,Activity,,Very,Strongly agree,Strongly agree
2023-06-17 13:30:11,2023-06-17 13:30:17,Spam,100.37.139.147,100,5,True,2023-06-17 13:30:18,R_1Ibep7zsiaNKT8A,,,,,40.7035,-73.9235,anonymous,EN,Feb 3rd,Activity,,Very,Strongly agree,Strongly agree
2023-06-17 13:30:18,2023-06-17 13:30:24,Spam,100.37.139.147,100,5,True,2023-06-17 13:30:25,R_2woWQEXGjS0N0Y2,,,,,40.7035,-73.9235,anonymous,EN,Feb 3rd,Activity,,Very,Strongly agree,Strongly agree
2023-06-17 13:30:43,2023-06-17 13:33:42,IP Address,100.37.139.147,100,179,True,2023-06-17 13:33:43,R_1ik6ZF5pNXAHIHA,,,,,40.7035,-73.9235,anonymous,EN,Feb 10th,Activity,,Very,Strongly agree,Strongly agree
2023-06-17 13:33:45,2023-06-17 13:33:54,Spam,100.37.139.147,100,9,True,2023-06-17 13:33:55,R_2zMSA7WcJJPAdCr,,,,,40.7035,-73.9235,anonymous,EN,Feb 10th,Activity,,Very,Strongly agree,Strongly agree
2023-06-17 13:33:56,2023-06-17 13:34:05,Spam,100.37.139.147,100,9,True,2023-06-17 13:34:06,R_1H7uVO42RWz1M9l,,,,,40.7035,-73.9235,anonymous,EN,Feb 10th,Activity,,Very,Strongly agree,Strongly agree
2023-06-17 13:34:06,2023-06-17 13:34:14,Spam,100.37.139.147,100,8,True,2023-06-17 13:34:14,R_1OvsJC4pkNwVaXF,,,,,40.7035,-73.9235,anonymous,EN,Feb 10th,Activity,,Very,Strongly agree,Strongly agree
2023-06-17 13:34:15,2023-06-17 13:34:21,Spam,100.37.139.147,100,6,True,2023-06-17 13:34:22,R_3034QtxoOXay2cn,,,,,40.7035,-73.9235,anonymous,EN,Feb 10th,Activity,,Very,Strongly agree,Strongly agree
2023-06-17 13:34:22,2023-06-17 13:34:28,Spam,100.37.139.147,100,5,True,2023-06-17 13:34:28,R_2PtDmD2GTtofxSx,,,,,40.7035,-73.9235,anonymous,EN,Feb 10th,Activity,,Very,Strongly agree,Strongly agree
2023-06-17 13:34:29,2023-06-17 13:34:36,Spam,100.37.139.147,100,7,True,2023-06-17 13:34:38,R_1f8yVBW8niIkqq0,,,,,40.7035,-73.9235,anonymous,EN,Feb 10th,Activity,,Very,Strongly agree,Strongly agree
2023-06-17 13:34:38,2023-06-17 13:34:45,Spam,100.37.139.147,100,6,True,2023-06-17 13:34:45,R_2YboExeuyrXaapa,,,,,40.7035,-73.9235,anonymous,EN,Feb 10th,Activity,,Very,Strongly agree,Strongly agree
2023-06-17 13:34:58,2023-06-18 03:31:49,IP Address,172.58.30.240,100,50210,True,2023-06-18 03:31:49,R_3FUkDg3mTcJYPRf,,,,,34.0544,-118.2441,anonymous,EN,Mar 3rd,Activity,,Very,Strongly agree,Strongly agree
2023-06-18 03:31:50,2023-06-18 03:31:58,Spam,172.58.30.240,100,8,True,2023-06-18 03:31:59,R_2YKv7svVgo0I2Tk,,,,,34.0544,-118.2441,anonymous,EN,Mar 3rd,Activity,,Very,Strongly agree,Strongly agree
2023-06-18 03:31:59,2023-06-18 03:32:06,Spam,172.58.30.240,100,6,True,2023-06-18 03:32:06,R_0StG5Lt0GUViKWZ,,,,,34.0544,-118.2441,anonymous,EN,Mar 3rd,Activity,,Very,Strongly agree,Strongly agree
2023-06-18 03:32:14,2023-06-18 03:32:21,Spam,172.58.30.240,100,6,True,2023-06-18 03:32:21,R_1hWqZXdb1oSpXPp,,,,,34.0544,-118.2441,anonymous,EN,Mar 3rd,Activity,,Very,Strongly agree,Strongly agree
2023-06-18 03:32:07,2023-06-18 03:32:13,Spam,172.58.30.240,100,6,True,2023-06-18 03:32:28,R_tJJqJX4uETXSBZ7,,,,,34.0544,-118.2441,anonymous,EN,Mar 3rd,Activity,,Very,Strongly agree,Strongly agree
2023-06-18 03:32:22,2023-06-18 03:32:30,Spam,172.58.30.240,100,7,True,2023-06-18 03:32:30,R_1dmqVzmtv6YPfFD,,,,,34.0544,-118.2441,anonymous,EN,Mar 3rd,Activity,,Very,Strongly agree,Strongly agree
2023-06-18 03:32:31,2023-06-18 03:32:37,Spam,172.58.30.240,100,6,True,2023-06-18 03:32:38,R_1F9WzJeyDjAF93u,,,,,34.0544,-118.2441,anonymous,EN,Mar 3rd,Activity,,Very,Strongly agree,Strongly agree
2023-06-18 03:32:38,2023-06-18 03:32:44,Spam,172.58.30.240,100,6,True,2023-06-18 03:32:45,R_1CEMOWcm7whi4z6,,,,,34.0544,-118.2441,anonymous,EN,Mar 3rd,Activity,,Very,Strongly agree,Strongly agree
2023-06-18 03:32:46,2023-06-18 03:35:44,IP Address,172.58.30.240,100,178,True,2023-06-18 03:35:44,R_1OC9HaNRjEZNdlM,,,,,34.0544,-118.2441,anonymous,EN,Mar 10th,Activity,,Very,Strongly agree,Strongly agree
2023-06-18 03:35:45,2023-06-18 03:35:51,Spam,172.58.30.240,100,6,True,2023-06-18 03:35:52,R_1rjhD74jOGGufzC,,,,,34.0544,-118.2441,anonymous,EN,Mar 10th,Activity,,Very,Strongly agree,Strongly agree
2023-06-18 03:35:52,2023-06-18 03:36:02,IP Address,172.58.30.240,100,10,True,2023-06-18 03:36:03,R_2zYE9Ut72HX710E,,,,,34.0544,-118.2441,anonymous,EN,Mar 10th,Activity,,Somewhat,Agree,Strongly agree
2023-06-18 03:36:03,2023-06-18 03:36:11,IP Address,172.58.30.240,100,7,True,2023-06-18 03:36:11,R_2wnwIgsYPLSHzbC,,,,,34.0544,-118.2441,anonymous,EN,Mar 10th,Activity,,Fairly,Agree,Strongly agree
2023-06-18 03:36:11,2023-06-18 03:36:20,Spam,172.58.30.240,100,8,True,2023-06-18 03:36:20,R_3oLBafoQzjlfoTE,,,,,34.0544,-118.2441,anonymous,EN,Mar 10th,Activity,,Very,Strongly agree,Strongly agree
2023-06-18 03:36:21,2023-06-18 03:36:26,Spam,172.58.30.240,100,5,True,2023-06-18 03:36:27,R_1mruEbLcxSQT3fa,,,,,34.0544,-118.2441,anonymous,EN,Mar 10th,Activity,,Very,Strongly agree,Strongly agree
2023-06-18 03:36:27,2023-06-18 03:36:35,Spam,172.58.30.240,100,7,True,2023-06-18 03:36:35,R_24AfRynI8vh0Gxz,,,,,34.0544,-118.2441,anonymous,EN,Mar 10th,Activity,,Very,Strongly agree,Strongly agree
2023-06-18 03:36:36,2023-06-18 03:36:42,Spam,172.58.30.240,100,5,True,2023-06-18 03:36:42,R_3GBoil2ictRrFwg,,,,,34.0544,-118.2441,anonymous,EN,Mar 10th,Activity,,Very,Strongly agree,Strongly agree
2023-06-18 03:36:43,2023-06-18 03:36:51,Spam,172.58.30.240,100,8,True,2023-06-18 03:36:51,R_1o23x3zx9ryOvPr,,,,,34.0544,-118.2441,anonymous,EN,Mar 10th,Activity,,Very,Strongly agree,Strongly agree
2023-06-18 03:36:53,2023-06-18 03:46:10,IP Address,172.58.30.240,100,556,True,2023-06-18 03:46:10,R_3KJZHSVipBjQctw,,,,,34.0544,-118.2441,anonymous,EN,Feb 24th,Activity,,Very,Strongly agree,Strongly agree
2023-06-18 03:46:11,2023-06-18 03:46:17,Spam,172.58.30.240,100,6,True,2023-06-18 03:46:18,R_1GO05JBaIHbEJzu,,,,,34.0544,-118.2441,anonymous,EN,Feb 24th,Activity,,Very,Strongly agree,Strongly agree
2023-06-18 03:46:18,2023-06-18 03:46:23,Spam,172.58.30.240,100,5,True,2023-06-18 03:46:24,R_2tywyv31x2JZNmL,,,,,34.0544,-118.2441,anonymous,EN,Feb 24th,Activity,,Very,Strongly agree,Strongly agree
2023-06-18 03:46:24,2023-06-18 03:46:30,Spam,172.58.30.240,100,5,True,2023-06-18 03:46:31,R_3P4DGiQgexHNt4e,,,,,34.0544,-118.2441,anonymous,EN,Feb 24th,Activity,,Very,Strongly agree,Strongly agree
2023-06-18 03:46:31,2023-06-18 03:46:36,Spam,172.58.30.240,100,4,True,2023-06-18 03:46:36,R_1inz0ckxE4ead9V,,,,,34.0544,-118.2441,anonymous,EN,Feb 24th,Activity,,Very,Strongly agree,Strongly agree
2023-06-18 03:46:37,2023-06-18 03:46:43,Spam,172.58.30.240,100,5,True,2023-06-18 03:46:44,R_1pzCuuEk5qTYKKh,,,,,34.0544,-118.2441,anonymous,EN,Feb 24th,Activity,,Very,Strongly agree,Strongly agree
2023-06-18 03:46:45,2023-06-18 03:46:50,Spam,172.58.30.240,100,5,True,2023-06-18 03:46:50,R_pRXQCbCEXAzR5vz,,,,,34.0544,-118.2441,anonymous,EN,Feb 24th,Activity,,Very,Strongly agree,Strongly agree
2023-06-18 03:46:51,2023-06-18 03:46:56,Spam,172.58.30.240,100,4,True,2023-06-18 03:46:56,R_3q9fPNf3V6vgH2M,,,,,34.0544,-118.2441,anonymous,EN,Feb 24th,Activity,,Very,Strongly agree,Strongly agree
2023-06-18 03:46:57,2023-06-18 03:47:01,Spam,172.58.30.240,100,4,True,2023-06-18 03:47:02,R_cZpPqOWmX6m1K1P,,,,,34.0544,-118.2441,anonymous,EN,Feb 24th,Activity,,Very,Strongly agree,Strongly agree
2023-06-18 03:47:02,2023-06-18 03:47:07,Spam,172.58.30.240,100,4,True,2023-06-18 03:47:08,R_2qkEj2oy7wtGFLe,,,,,34.0544,-118.2441,anonymous,EN,Feb 24th,Activity,,Very,Strongly agree,Strongly agree
2023-06-18 03:47:09,2023-06-18 03:50:29,IP Address,172.58.30.240,100,199,True,2023-06-18 03:50:29,R_RQc4TekCAEZN5K1,,,,,34.0544,-118.2441,anonymous,EN,Apr 14th,Activity,,Very,Strongly agree,Strongly agree
2023-06-18 03:50:30,2023-06-18 03:50:36,Spam,172.58.30.240,100,5,True,2023-06-18 03:50:36,R_3jD628RPBXrEgqB,,,,,34.0544,-118.2441,anonymous,EN,Apr 14th,Activity,,Very,Strongly agree,Strongly agree
2023-06-18 03:50:37,2023-06-18 03:50:41,Spam,172.58.30.240,100,4,True,2023-06-18 03:50:41,R_2s0SQCn8kfe3gTk,,,,,34.0544,-118.2441,anonymous,EN,Apr 14th,Activity,,Very,Strongly agree,Strongly agree
2023-06-18 03:50:42,2023-06-18 03:50:47,Spam,172.58.30.240,100,4,True,2023-06-18 03:50:47,R_1Lq9ZtIyg0JY1J7,,,,,34.0544,-118.2441,anonymous,EN,Apr 14th,Activity,,Very,Strongly agree,Strongly agree
2023-06-18 03:50:48,2023-06-18 03:50:55,Spam,172.58.30.240,100,6,True,2023-06-18 03:50:55,R_1dc9ziIv6ETXTNr,,,,,34.0544,-118.2441,anonymous,EN,Apr 14th,Activity,,Very,Strongly agree,Strongly agree
2023-06-18 03:50:56,2023-06-18 03:51:02,Spam,172.58.30.240,100,6,True,2023-06-18 03:51:03,R_1ohfOj2lhXxDbwE,,,,,34.0544,-118.2441,anonymous,EN,Apr 14th,Activity,,Very,Strongly agree,Strongly agree
2023-06-18 03:51:04,2023-06-18 03:51:08,Spam,172.58.30.240,100,4,True,2023-06-18 03:51:09,R_qQp3lqlONE4LQjf,,,,,34.0544,-118.2441,anonymous,EN,Apr 14th,Activity,,Very,Strongly agree,Strongly agree
2023-06-18 03:51:10,2023-06-18 04:44:31,IP Address,172.58.111.146,100,3201,True,2023-06-18 04:44:32,R_BJM0ZDjBscNrJU5,,,,,32.7797,-96.8022,anonymous,EN,Apr 28th,Activity,,Very,Strongly agree,Strongly agree
2023-06-18 04:44:32,2023-06-18 04:44:38,Spam,172.58.111.146,100,5,True,2023-06-18 04:44:38,R_264jbE7i5snArcy,,,,,32.7797,-96.8022,anonymous,EN,Apr 28th,Activity,,Very,Strongly agree,Strongly agree
2023-06-18 04:44:39,2023-06-18 04:44:43,Spam,172.58.111.146,100,4,True,2023-06-18 04:44:44,R_2rxqasUbwAOZCfk,,,,,32.7797,-96.8022,anonymous,EN,Apr 28th,Activity,,Very,Strongly agree,Strongly agree
2023-06-18 04:44:44,2023-06-18 04:44:48,Spam,172.58.111.146,100,4,True,2023-06-18 04:44:48,R_3JI7exlnnEA4TIl,,,,,32.7797,-96.8022,anonymous,EN,Apr 28th,Activity,,Very,Strongly agree,Strongly agree
2023-06-18 04:44:49,2023-06-18 04:44:53,Spam,172.58.111.146,100,4,True,2023-06-18 04:44:53,R_22FzMKMQ9OvBo9f,,,,,32.7797,-96.8022,anonymous,EN,Apr 28th,Activity,,Very,Strongly agree,Strongly agree
2023-06-18 04:44:54,2023-06-18 04:44:58,Spam,172.58.111.146,100,4,True,2023-06-18 04:44:59,R_3L5pgTn5FH1jhh1,,,,,32.7797,-96.8022,anonymous,EN,Apr 28th,Activity,,Very,Strongly agree,Strongly agree
2023-06-18 04:45:00,2023-06-18 04:45:05,Spam,172.58.111.146,100,5,True,2023-06-18 04:45:05,R_2EH2YeleoGft1Y8,,,,,32.7797,-96.8022,anonymous,EN,Apr 28th,Activity,,Very,Strongly agree,Strongly agree
2023-06-18 04:45:06,2023-06-18 04:45:10,Spam,172.58.111.146,100,3,True,2023-06-18 04:45:10,R_2QzXWkeTMCoCvRj,,,,,32.7797,-96.8022,anonymous,EN,Apr 28th,Activity,,Very,Strongly agree,Strongly agree
2023-06-18 04:45:12,2023-06-18 04:45:16,Spam,172.58.111.146,100,4,True,2023-06-18 04:45:16,R_3ea9t8sJ2Hs3lXA,,,,,32.7797,-96.8022,anonymous,EN,Apr 28th,Activity,,Very,Strongly agree,Strongly agree
2023-06-18 04:45:17,2023-06-18 04:47:30,IP Address,172.58.111.146,100,133,True,2023-06-18 04:47:31,R_28B58xQuSXbiqL0,,,,,32.7797,-96.8022,anonymous,EN,May 5th,Activity,,Very,Strongly agree,Strongly agree
2023-06-18 04:47:31,2023-06-18 04:47:35,Spam,172.58.111.146,100,4,True,2023-06-18 04:47:36,R_1kNQTcLvRyY7lAn,,,,,32.7797,-96.8022,anonymous,EN,May 5th,Activity,,Very,Strongly agree,Strongly agree
2023-06-18 04:47:36,2023-06-18 04:47:40,Spam,172.58.111.146,100,4,True,2023-06-18 04:47:41,R_31zrOpaI9Q2r4Kg,,,,,32.7797,-96.8022,anonymous,EN,May 5th,Activity,,Very,Strongly agree,Strongly agree
2023-06-18 04:47:41,2023-06-18 04:47:45,Spam,172.58.111.146,100,4,True,2023-06-18 04:47:46,R_2zI6J2aeOVHoDXu,,,,,32.7797,-96.8022,anonymous,EN,May 5th,Activity,,Very,Strongly agree,Strongly agree
2023-06-18 04:48:01,2023-06-18 04:55:28,IP Address,172.58.111.146,100,447,True,2023-06-18 04:55:28,R_u4HdYxRfdLOhDPj,,,,,32.7797,-96.8022,anonymous,EN,May 12th,Activity,,Very,Strongly agree,Strongly agree
2023-06-18 04:55:29,2023-06-18 04:55:32,Spam,172.58.111.146,100,3,True,2023-06-18 04:55:33,R_3jZPaFYcVFC7oEt,,,,,32.7797,-96.8022,anonymous,EN,May 12th,Activity,,Very,Strongly agree,Strongly agree
2023-06-18 04:55:33,2023-06-18 04:55:37,Spam,172.58.111.146,100,3,True,2023-06-18 04:55:38,R_2VjN5MwPuNfXYmV,,,,,32.7797,-96.8022,anonymous,EN,May 12th,Activity,,Very,Strongly agree,Strongly agree
2023-06-18 04:55:38,2023-06-18 04:55:42,Spam,172.58.111.146,100,4,True,2023-06-18 04:55:43,R_1dMsS3sC8DbpR7W,,,,,32.7797,-96.8022,anonymous,EN,May 12th,Activity,,Very,Strongly agree,Strongly agree
2023-06-18 04:55:43,2023-06-18 04:55:48,Spam,172.58.111.146,100,4,True,2023-06-18 04:55:48,R_sLRS3dVB07NkTiV,,,,,32.7797,-96.8022,anonymous,EN,May 12th,Activity,,Very,Strongly agree,Strongly agree
2023-06-18 04:55:49,2023-06-18 04:55:53,Spam,172.58.111.146,100,4,True,2023-06-18 04:55:53,R_2qyh7jBZe5telem,,,,,32.7797,-96.8022,anonymous,EN,May 12th,Activity,,Very,Strongly agree,Strongly agree
